                  epoch,             train/loss,  metrics/accuracy_top1,  metrics/accuracy_top5,               val/loss,                 lr/pg0,                 lr/pg1,                 lr/pg2
                      0,                0.14922,                0.42802,                      1,                0.56604,               0.070385,              0.0032906,              0.0032906
                      1,                0.10513,                0.49027,                      1,                0.61791,               0.040166,              0.0064053,              0.0064053
                      2,                0.02804,                0.70039,                      1,                0.46236,              0.0097274,              0.0093001,              0.0093001
                      3,                0.02201,                0.91051,                      1,                0.32801,                0.00901,                0.00901,                0.00901
                      4,                0.01987,                0.89494,                      1,                0.33747,                0.00901,                0.00901,                0.00901
                      5,                0.01361,                0.85214,                      1,                0.35546,                0.00868,                0.00868,                0.00868
                      6,                0.00706,                0.90661,                      1,                0.31645,                0.00835,                0.00835,                0.00835
                      7,                0.00818,                0.94942,                      1,                0.28861,                0.00802,                0.00802,                0.00802
